STRUCTURE,STRUCTURE_ID,STRUCTURE_NAME,ACTION,REF_AREA,Zone de référence,MEASURE,Mesure,FREQ,Fréquence d'observation,TIME_PERIOD,Période de temps,OBS_VALUE,Observation value,OBS_STATUS,Observation status,UNIT_MEASURE,Unité de mesure,UNIT_MULT,Multiplicateur d'unité,CURRENCY,Monnaie,BASE_PER,Période de base,METHODOLOGY,Méthode,DECIMALS,Decimals,PRICE_BASE,Ajustement,ADJUSTMENT,Base de prix
DATAFLOW,OECD.ECO.MAD:DSD_EO_114@DF_EO_114(1.0),Economic Outlook 114,I,EA17,Zone euro (17 pays),GAP,Output gap as a percentage of potential GDP,A,Annuelle,2025,,-0.761510391713366,,,,PT_PB1GQ,Pourcentage du PIB potentiel,0,Units,,,,,,,2,Two,,,,
DATAFLOW,OECD.ECO.MAD:DSD_EO_114@DF_EO_114(1.0),Economic Outlook 114,I,EA17,Zone euro (17 pays),GAP,Output gap as a percentage of potential GDP,A,Annuelle,2024,,-1.04354489805448,,,,PT_PB1GQ,Pourcentage du PIB potentiel,0,Units,,,,,,,2,Two,,,,
DATAFLOW,OECD.ECO.MAD:DSD_EO_114@DF_EO_114(1.0),Economic Outlook 114,I,EA17,Zone euro (17 pays),GAP,Output gap as a percentage of potential GDP,A,Annuelle,2023,,-0.711819753186893,,,,PT_PB1GQ,Pourcentage du PIB potentiel,0,Units,,,,,,,2,Two,,,,
DATAFLOW,OECD.ECO.MAD:DSD_EO_114@DF_EO_114(1.0),Economic Outlook 114,I,EA17,Zone euro (17 pays),GAP,Output gap as a percentage of potential GDP,A,Annuelle,2022,,-0.113250143389557,,,,PT_PB1GQ,Pourcentage du PIB potentiel,0,Units,,,,,,,2,Two,,,,
DATAFLOW,OECD.ECO.MAD:DSD_EO_114@DF_EO_114(1.0),Economic Outlook 114,I,EA17,Zone euro (17 pays),GAP,Output gap as a percentage of potential GDP,Q,Trimestrielle,2018-Q1,,1.32797954479194,,,,PT_PB1GQ,Pourcentage du PIB potentiel,0,Units,,,,,,,2,Two,,,,
DATAFLOW,OECD.ECO.MAD:DSD_EO_114@DF_EO_114(1.0),Economic Outlook 114,I,EA17,Zone euro (17 pays),GAP,Output gap as a percentage of potential GDP,Q,Trimestrielle,2017-Q4,,1.6035702369317,,,,PT_PB1GQ,Pourcentage du PIB potentiel,0,Units,,,,,,,2,Two,,,,
DATAFLOW,OECD.ECO.MAD:DSD_EO_114@DF_EO_114(1.0),Economic Outlook 114,I,EA17,Zone euro (17 pays),GAP,Output gap as a percentage of potential GDP,Q,Trimestrielle,2017-Q3,,1.1344054347713,,,,PT_PB1GQ,Pourcentage du PIB potentiel,0,Units,,,,,,,2,Two,,,,
DATAFLOW,OECD.ECO.MAD:DSD_EO_114@DF_EO_114(1.0),Economic Outlook 114,I,EA17,Zone euro (17 pays),GAP,Output gap as a percentage of potential GDP,Q,Trimestrielle,2017-Q2,,0.801811026029135,,,,PT_PB1GQ,Pourcentage du PIB potentiel,0,Units,,,,,,,2,Two,,,,
DATAFLOW,OECD.ECO.MAD:DSD_EO_114@DF_EO_114(1.0),Economic Outlook 114,I,EA17,Zone euro (17 pays),GAP,Output gap as a percentage of potential GDP,Q,Trimestrielle,2017-Q1,,0.281247870288752,,,,PT_PB1GQ,Pourcentage du PIB potentiel,0,Units,,,,,,,2,Two,,,,
DATAFLOW,OECD.ECO.MAD:DSD_EO_114@DF_EO_114(1.0),Economic Outlook 114,I,EA17,Zone euro (17 pays),GAP,Output gap as a percentage of potential GDP,Q,Trimestrielle,2016-Q4,,-0.205476178624548,,,,PT_PB1GQ,Pourcentage du PIB potentiel,0,Units,,,,,,,2,Two,,,,
DATAFLOW,OECD.ECO.MAD:DSD_EO_114@DF_EO_114(1.0),Economic Outlook 114,I,EA17,Zone euro (17 pays),GAP,Output gap as a percentage of potential GDP,Q,Trimestrielle,2016-Q3,,-0.4919132499748,,,,PT_PB1GQ,Pourcentage du PIB potentiel,0,Units,,,,,,,2,Two,,,,
DATAFLOW,OECD.ECO.MAD:DSD_EO_114@DF_EO_114(1.0),Economic Outlook 114,I,EA17,Zone euro (17 pays),GAP,Output gap as a percentage of potential GDP,Q,Trimestrielle,2016-Q2,,-0.728980975120074,,,,PT_PB1GQ,Pourcentage du PIB potentiel,0,Units,,,,,,,2,Two,,,,
DATAFLOW,OECD.ECO.MAD:DSD_EO_114@DF_EO_114(1.0),Economic Outlook 114,I,EA17,Zone euro (17 pays),GAP,Output gap as a percentage of potential GDP,Q,Trimestrielle,2022-Q4,,-0.273146786048913,,,,PT_PB1GQ,Pourcentage du PIB potentiel,0,Units,,,,,,,2,Two,,,,
DATAFLOW,OECD.ECO.MAD:DSD_EO_114@DF_EO_114(1.0),Economic Outlook 114,I,EA17,Zone euro (17 pays),GAP,Output gap as a percentage of potential GDP,Q,Trimestrielle,2022-Q3,,0.0989797870241445,,,,PT_PB1GQ,Pourcentage du PIB potentiel,0,Units,,,,,,,2,Two,,,,
DATAFLOW,OECD.ECO.MAD:DSD_EO_114@DF_EO_114(1.0),Economic Outlook 114,I,EA17,Zone euro (17 pays),GAP,Output gap as a percentage of potential GDP,Q,Trimestrielle,2022-Q2,,0.166041593455857,,,,PT_PB1GQ,Pourcentage du PIB potentiel,0,Units,,,,,,,2,Two,,,,
DATAFLOW,OECD.ECO.MAD:DSD_EO_114@DF_EO_114(1.0),Economic Outlook 114,I,EA17,Zone euro (17 pays),GAP,Output gap as a percentage of potential GDP,Q,Trimestrielle,2022-Q1,,-0.439993824878802,,,,PT_PB1GQ,Pourcentage du PIB potentiel,0,Units,,,,,,,2,Two,,,,
DATAFLOW,OECD.ECO.MAD:DSD_EO_114@DF_EO_114(1.0),Economic Outlook 114,I,EA17,Zone euro (17 pays),GAP,Output gap as a percentage of potential GDP,Q,Trimestrielle,2021-Q4,,-0.5543800943275,,,,PT_PB1GQ,Pourcentage du PIB potentiel,0,Units,,,,,,,2,Two,,,,
DATAFLOW,OECD.ECO.MAD:DSD_EO_114@DF_EO_114(1.0),Economic Outlook 114,I,EA17,Zone euro (17 pays),GAP,Output gap as a percentage of potential GDP,Q,Trimestrielle,2021-Q3,,-0.891291546413035,,,,PT_PB1GQ,Pourcentage du PIB potentiel,0,Units,,,,,,,2,Two,,,,
DATAFLOW,OECD.ECO.MAD:DSD_EO_114@DF_EO_114(1.0),Economic Outlook 114,I,EA17,Zone euro (17 pays),GAP,Output gap as a percentage of potential GDP,Q,Trimestrielle,2021-Q2,,-2.49659391391695,,,,PT_PB1GQ,Pourcentage du PIB potentiel,0,Units,,,,,,,2,Two,,,,
DATAFLOW,OECD.ECO.MAD:DSD_EO_114@DF_EO_114(1.0),Economic Outlook 114,I,EA17,Zone euro (17 pays),GAP,Output gap as a percentage of potential GDP,Q,Trimestrielle,2021-Q1,,-4.36033580852952,,,,PT_PB1GQ,Pourcentage du PIB potentiel,0,Units,,,,,,,2,Two,,,,
DATAFLOW,OECD.ECO.MAD:DSD_EO_114@DF_EO_114(1.0),Economic Outlook 114,I,EA17,Zone euro (17 pays),GAP,Output gap as a percentage of potential GDP,Q,Trimestrielle,2020-Q4,,-4.03401808990134,,,,PT_PB1GQ,Pourcentage du PIB potentiel,0,Units,,,,,,,2,Two,,,,
DATAFLOW,OECD.ECO.MAD:DSD_EO_114@DF_EO_114(1.0),Economic Outlook 114,I,EA17,Zone euro (17 pays),GAP,Output gap as a percentage of potential GDP,Q,Trimestrielle,2020-Q3,,-3.76805206221525,,,,PT_PB1GQ,Pourcentage du PIB potentiel,0,Units,,,,,,,2,Two,,,,
DATAFLOW,OECD.ECO.MAD:DSD_EO_114@DF_EO_114(1.0),Economic Outlook 114,I,EA17,Zone euro (17 pays),GAP,Output gap as a percentage of potential GDP,Q,Trimestrielle,2020-Q2,,-13.7118009131484,,,,PT_PB1GQ,Pourcentage du PIB potentiel,0,Units,,,,,,,2,Two,,,,
DATAFLOW,OECD.ECO.MAD:DSD_EO_114@DF_EO_114(1.0),Economic Outlook 114,I,EA17,Zone euro (17 pays),GAP,Output gap as a percentage of potential GDP,Q,Trimestrielle,2020-Q1,,-2.51772590839537,,,,PT_PB1GQ,Pourcentage du PIB potentiel,0,Units,,,,,,,2,Two,,,,
DATAFLOW,OECD.ECO.MAD:DSD_EO_114@DF_EO_114(1.0),Economic Outlook 114,I,EA17,Zone euro (17 pays),GAP,Output gap as a percentage of potential GDP,Q,Trimestrielle,2019-Q4,,1.33301129251716,,,,PT_PB1GQ,Pourcentage du PIB potentiel,0,Units,,,,,,,2,Two,,,,
DATAFLOW,OECD.ECO.MAD:DSD_EO_114@DF_EO_114(1.0),Economic Outlook 114,I,EA17,Zone euro (17 pays),GAP,Output gap as a percentage of potential GDP,Q,Trimestrielle,2019-Q3,,1.69558529205395,,,,PT_PB1GQ,Pourcentage du PIB potentiel,0,Units,,,,,,,2,Two,,,,
DATAFLOW,OECD.ECO.MAD:DSD_EO_114@DF_EO_114(1.0),Economic Outlook 114,I,EA17,Zone euro (17 pays),GAP,Output gap as a percentage of potential GDP,Q,Trimestrielle,2019-Q2,,1.84560848504358,,,,PT_PB1GQ,Pourcentage du PIB potentiel,0,Units,,,,,,,2,Two,,,,
DATAFLOW,OECD.ECO.MAD:DSD_EO_114@DF_EO_114(1.0),Economic Outlook 114,I,EA17,Zone euro (17 pays),GAP,Output gap as a percentage of potential GDP,Q,Trimestrielle,2019-Q1,,1.86624557616059,,,,PT_PB1GQ,Pourcentage du PIB potentiel,0,Units,,,,,,,2,Two,,,,
DATAFLOW,OECD.ECO.MAD:DSD_EO_114@DF_EO_114(1.0),Economic Outlook 114,I,EA17,Zone euro (17 pays),GAP,Output gap as a percentage of potential GDP,Q,Trimestrielle,2018-Q4,,1.53779116000459,,,,PT_PB1GQ,Pourcentage du PIB potentiel,0,Units,,,,,,,2,Two,,,,
DATAFLOW,OECD.ECO.MAD:DSD_EO_114@DF_EO_114(1.0),Economic Outlook 114,I,EA17,Zone euro (17 pays),GAP,Output gap as a percentage of potential GDP,Q,Trimestrielle,2018-Q3,,1.20237797383941,,,,PT_PB1GQ,Pourcentage du PIB potentiel,0,Units,,,,,,,2,Two,,,,
DATAFLOW,OECD.ECO.MAD:DSD_EO_114@DF_EO_114(1.0),Economic Outlook 114,I,EA17,Zone euro (17 pays),GAP,Output gap as a percentage of potential GDP,Q,Trimestrielle,2018-Q2,,1.58420016528987,,,,PT_PB1GQ,Pourcentage du PIB potentiel,0,Units,,,,,,,2,Two,,,,
DATAFLOW,OECD.ECO.MAD:DSD_EO_114@DF_EO_114(1.0),Economic Outlook 114,I,EA17,Zone euro (17 pays),GAP,Output gap as a percentage of potential GDP,Q,Trimestrielle,2009-Q1,,-3.25373582141437,,,,PT_PB1GQ,Pourcentage du PIB potentiel,0,Units,,,,,,,2,Two,,,,
DATAFLOW,OECD.ECO.MAD:DSD_EO_114@DF_EO_114(1.0),Economic Outlook 114,I,EA17,Zone euro (17 pays),GAP,Output gap as a percentage of potential GDP,Q,Trimestrielle,2008-Q4,,0.100000254585795,,,,PT_PB1GQ,Pourcentage du PIB potentiel,0,Units,,,,,,,2,Two,,,,
DATAFLOW,OECD.ECO.MAD:DSD_EO_114@DF_EO_114(1.0),Economic Outlook 114,I,EA17,Zone euro (17 pays),GAP,Output gap as a percentage of potential GDP,Q,Trimestrielle,2008-Q3,,2.219748513345,,,,PT_PB1GQ,Pourcentage du PIB potentiel,0,Units,,,,,,,2,Two,,,,
DATAFLOW,OECD.ECO.MAD:DSD_EO_114@DF_EO_114(1.0),Economic Outlook 114,I,EA17,Zone euro (17 pays),GAP,Output gap as a percentage of potential GDP,Q,Trimestrielle,2008-Q2,,3.03568599869611,,,,PT_PB1GQ,Pourcentage du PIB potentiel,0,Units,,,,,,,2,Two,,,,
DATAFLOW,OECD.ECO.MAD:DSD_EO_114@DF_EO_114(1.0),Economic Outlook 114,I,EA17,Zone euro (17 pays),GAP,Output gap as a percentage of potential GDP,Q,Trimestrielle,2008-Q1,,3.79774205936575,,,,PT_PB1GQ,Pourcentage du PIB potentiel,0,Units,,,,,,,2,Two,,,,
DATAFLOW,OECD.ECO.MAD:DSD_EO_114@DF_EO_114(1.0),Economic Outlook 114,I,EA17,Zone euro (17 pays),GAP,Output gap as a percentage of potential GDP,Q,Trimestrielle,2007-Q4,,3.50933087272039,,,,PT_PB1GQ,Pourcentage du PIB potentiel,0,Units,,,,,,,2,Two,,,,
DATAFLOW,OECD.ECO.MAD:DSD_EO_114@DF_EO_114(1.0),Economic Outlook 114,I,EA17,Zone euro (17 pays),GAP,Output gap as a percentage of potential GDP,Q,Trimestrielle,2007-Q3,,3.40088657301279,,,,PT_PB1GQ,Pourcentage du PIB potentiel,0,Units,,,,,,,2,Two,,,,
DATAFLOW,OECD.ECO.MAD:DSD_EO_114@DF_EO_114(1.0),Economic Outlook 114,I,EA17,Zone euro (17 pays),GAP,Output gap as a percentage of potential GDP,Q,Trimestrielle,2007-Q2,,3.27865508521949,,,,PT_PB1GQ,Pourcentage du PIB potentiel,0,Units,,,,,,,2,Two,,,,
DATAFLOW,OECD.ECO.MAD:DSD_EO_114@DF_EO_114(1.0),Economic Outlook 114,I,EA17,Zone euro (17 pays),GAP,Output gap as a percentage of potential GDP,Q,Trimestrielle,2007-Q1,,2.92382673626096,,,,PT_PB1GQ,Pourcentage du PIB potentiel,0,Units,,,,,,,2,Two,,,,
DATAFLOW,OECD.ECO.MAD:DSD_EO_114@DF_EO_114(1.0),Economic Outlook 114,I,EA17,Zone euro (17 pays),GAP,Output gap as a percentage of potential GDP,Q,Trimestrielle,2006-Q4,,2.74977142736055,,,,PT_PB1GQ,Pourcentage du PIB potentiel,0,Units,,,,,,,2,Two,,,,
DATAFLOW,OECD.ECO.MAD:DSD_EO_114@DF_EO_114(1.0),Economic Outlook 114,I,EA17,Zone euro (17 pays),GAP,Output gap as a percentage of potential GDP,Q,Trimestrielle,2006-Q3,,1.95622658372182,,,,PT_PB1GQ,Pourcentage du PIB potentiel,0,Units,,,,,,,2,Two,,,,
DATAFLOW,OECD.ECO.MAD:DSD_EO_114@DF_EO_114(1.0),Economic Outlook 114,I,EA17,Zone euro (17 pays),GAP,Output gap as a percentage of potential GDP,Q,Trimestrielle,2006-Q2,,1.69315611215488,,,,PT_PB1GQ,Pourcentage du PIB potentiel,0,Units,,,,,,,2,Two,,,,
DATAFLOW,OECD.ECO.MAD:DSD_EO_114@DF_EO_114(1.0),Economic Outlook 114,I,EA17,Zone euro (17 pays),GAP,Output gap as a percentage of potential GDP,Q,Trimestrielle,2006-Q1,,0.977622037623949,,,,PT_PB1GQ,Pourcentage du PIB potentiel,0,Units,,,,,,,2,Two,,,,
DATAFLOW,OECD.ECO.MAD:DSD_EO_114@DF_EO_114(1.0),Economic Outlook 114,I,EA17,Zone euro (17 pays),GAP,Output gap as a percentage of potential GDP,Q,Trimestrielle,2005-Q4,,0.532105703031672,,,,PT_PB1GQ,Pourcentage du PIB potentiel,0,Units,,,,,,,2,Two,,,,
DATAFLOW,OECD.ECO.MAD:DSD_EO_114@DF_EO_114(1.0),Economic Outlook 114,I,EA17,Zone euro (17 pays),GAP,Output gap as a percentage of potential GDP,Q,Trimestrielle,2005-Q3,,0.349220809531726,,,,PT_PB1GQ,Pourcentage du PIB potentiel,0,Units,,,,,,,2,Two,,,,
DATAFLOW,OECD.ECO.MAD:DSD_EO_114@DF_EO_114(1.0),Economic Outlook 114,I,EA17,Zone euro (17 pays),GAP,Output gap as a percentage of potential GDP,Q,Trimestrielle,2005-Q2,,-0.0781977559793894,,,,PT_PB1GQ,Pourcentage du PIB potentiel,0,Units,,,,,,,2,Two,,,,
DATAFLOW,OECD.ECO.MAD:DSD_EO_114@DF_EO_114(1.0),Economic Outlook 114,I,EA17,Zone euro (17 pays),GAP,Output gap as a percentage of potential GDP,Q,Trimestrielle,2005-Q1,,-0.315651449430504,,,,PT_PB1GQ,Pourcentage du PIB potentiel,0,Units,,,,,,,2,Two,,,,
DATAFLOW,OECD.ECO.MAD:DSD_EO_114@DF_EO_114(1.0),Economic Outlook 114,I,EA17,Zone euro (17 pays),GAP,Output gap as a percentage of potential GDP,Q,Trimestrielle,2004-Q4,,-0.128360911053844,,,,PT_PB1GQ,Pourcentage du PIB potentiel,0,Units,,,,,,,2,Two,,,,
DATAFLOW,OECD.ECO.MAD:DSD_EO_114@DF_EO_114(1.0),Economic Outlook 114,I,EA17,Zone euro (17 pays),GAP,Output gap as a percentage of potential GDP,Q,Trimestrielle,2004-Q3,,-0.0449503873384944,,,,PT_PB1GQ,Pourcentage du PIB potentiel,0,Units,,,,,,,2,Two,,,,
DATAFLOW,OECD.ECO.MAD:DSD_EO_114@DF_EO_114(1.0),Economic Outlook 114,I,EA17,Zone euro (17 pays),GAP,Output gap as a percentage of potential GDP,Q,Trimestrielle,2004-Q2,,0.0815139902063389,,,,PT_PB1GQ,Pourcentage du PIB potentiel,0,Units,,,,,,,2,Two,,,,
DATAFLOW,OECD.ECO.MAD:DSD_EO_114@DF_EO_114(1.0),Economic Outlook 114,I,EA17,Zone euro (17 pays),GAP,Output gap as a percentage of potential GDP,Q,Trimestrielle,2004-Q1,,-0.115321571898033,,,,PT_PB1GQ,Pourcentage du PIB potentiel,0,Units,,,,,,,2,Two,,,,
DATAFLOW,OECD.ECO.MAD:DSD_EO_114@DF_EO_114(1.0),Economic Outlook 114,I,EA17,Zone euro (17 pays),GAP,Output gap as a percentage of potential GDP,Q,Trimestrielle,2003-Q4,,-0.150068829672787,,,,PT_PB1GQ,Pourcentage du PIB potentiel,0,Units,,,,,,,2,Two,,,,
DATAFLOW,OECD.ECO.MAD:DSD_EO_114@DF_EO_114(1.0),Economic Outlook 114,I,EA17,Zone euro (17 pays),GAP,Output gap as a percentage of potential GDP,Q,Trimestrielle,2003-Q3,,-0.3713987165991,,,,PT_PB1GQ,Pourcentage du PIB potentiel,0,Units,,,,,,,2,Two,,,,
DATAFLOW,OECD.ECO.MAD:DSD_EO_114@DF_EO_114(1.0),Economic Outlook 114,I,EA17,Zone euro (17 pays),GAP,Output gap as a percentage of potential GDP,Q,Trimestrielle,2003-Q2,,-0.537120366068048,,,,PT_PB1GQ,Pourcentage du PIB potentiel,0,Units,,,,,,,2,Two,,,,
DATAFLOW,OECD.ECO.MAD:DSD_EO_114@DF_EO_114(1.0),Economic Outlook 114,I,EA17,Zone euro (17 pays),GAP,Output gap as a percentage of potential GDP,Q,Trimestrielle,2003-Q1,,-0.186710449109133,,,,PT_PB1GQ,Pourcentage du PIB potentiel,0,Units,,,,,,,2,Two,,,,
DATAFLOW,OECD.ECO.MAD:DSD_EO_114@DF_EO_114(1.0),Economic Outlook 114,I,EA17,Zone euro (17 pays),GAP,Output gap as a percentage of potential GDP,Q,Trimestrielle,2002-Q4,,0.537879400536967,,,,PT_PB1GQ,Pourcentage du PIB potentiel,0,Units,,,,,,,2,Two,,,,
DATAFLOW,OECD.ECO.MAD:DSD_EO_114@DF_EO_114(1.0),Economic Outlook 114,I,EA17,Zone euro (17 pays),GAP,Output gap as a percentage of potential GDP,Q,Trimestrielle,2002-Q3,,0.883900546607925,,,,PT_PB1GQ,Pourcentage du PIB potentiel,0,Units,,,,,,,2,Two,,,,
DATAFLOW,OECD.ECO.MAD:DSD_EO_114@DF_EO_114(1.0),Economic Outlook 114,I,EA17,Zone euro (17 pays),GAP,Output gap as a percentage of potential GDP,Q,Trimestrielle,2002-Q2,,0.921549802456115,,,,PT_PB1GQ,Pourcentage du PIB potentiel,0,Units,,,,,,,2,Two,,,,
DATAFLOW,OECD.ECO.MAD:DSD_EO_114@DF_EO_114(1.0),Economic Outlook 114,I,EA17,Zone euro (17 pays),GAP,Output gap as a percentage of potential GDP,Q,Trimestrielle,2002-Q1,,0.903280392244933,,,,PT_PB1GQ,Pourcentage du PIB potentiel,0,Units,,,,,,,2,Two,,,,
DATAFLOW,OECD.ECO.MAD:DSD_EO_114@DF_EO_114(1.0),Economic Outlook 114,I,EA17,Zone euro (17 pays),GAP,Output gap as a percentage of potential GDP,Q,Trimestrielle,2025-Q4,,-0.594991707678484,,,,PT_PB1GQ,Pourcentage du PIB potentiel,0,Units,,,,,,,2,Two,,,,
DATAFLOW,OECD.ECO.MAD:DSD_EO_114@DF_EO_114(1.0),Economic Outlook 114,I,EA17,Zone euro (17 pays),GAP,Output gap as a percentage of potential GDP,Q,Trimestrielle,2025-Q3,,-0.715157482231519,,,,PT_PB1GQ,Pourcentage du PIB potentiel,0,Units,,,,,,,2,Two,,,,
DATAFLOW,OECD.ECO.MAD:DSD_EO_114@DF_EO_114(1.0),Economic Outlook 114,I,EA17,Zone euro (17 pays),GAP,Output gap as a percentage of potential GDP,Q,Trimestrielle,2025-Q2,,-0.82616240266356,,,,PT_PB1GQ,Pourcentage du PIB potentiel,0,Units,,,,,,,2,Two,,,,
DATAFLOW,OECD.ECO.MAD:DSD_EO_114@DF_EO_114(1.0),Economic Outlook 114,I,EA17,Zone euro (17 pays),GAP,Output gap as a percentage of potential GDP,Q,Trimestrielle,2025-Q1,,-0.911180694373765,,,,PT_PB1GQ,Pourcentage du PIB potentiel,0,Units,,,,,,,2,Two,,,,
DATAFLOW,OECD.ECO.MAD:DSD_EO_114@DF_EO_114(1.0),Economic Outlook 114,I,EA17,Zone euro (17 pays),GAP,Output gap as a percentage of potential GDP,Q,Trimestrielle,2024-Q4,,-0.993588544019719,,,,PT_PB1GQ,Pourcentage du PIB potentiel,0,Units,,,,,,,2,Two,,,,
DATAFLOW,OECD.ECO.MAD:DSD_EO_114@DF_EO_114(1.0),Economic Outlook 114,I,EA17,Zone euro (17 pays),GAP,Output gap as a percentage of potential GDP,Q,Trimestrielle,2024-Q3,,-1.04662008144926,,,,PT_PB1GQ,Pourcentage du PIB potentiel,0,Units,,,,,,,2,Two,,,,
DATAFLOW,OECD.ECO.MAD:DSD_EO_114@DF_EO_114(1.0),Economic Outlook 114,I,EA17,Zone euro (17 pays),GAP,Output gap as a percentage of potential GDP,Q,Trimestrielle,2024-Q2,,-1.07896559884954,,,,PT_PB1GQ,Pourcentage du PIB potentiel,0,Units,,,,,,,2,Two,,,,
DATAFLOW,OECD.ECO.MAD:DSD_EO_114@DF_EO_114(1.0),Economic Outlook 114,I,EA17,Zone euro (17 pays),GAP,Output gap as a percentage of potential GDP,Q,Trimestrielle,2024-Q1,,-1.05538469690416,,,,PT_PB1GQ,Pourcentage du PIB potentiel,0,Units,,,,,,,2,Two,,,,
DATAFLOW,OECD.ECO.MAD:DSD_EO_114@DF_EO_114(1.0),Economic Outlook 114,I,EA17,Zone euro (17 pays),GAP,Output gap as a percentage of potential GDP,Q,Trimestrielle,2023-Q4,,-0.974348435255932,,,,PT_PB1GQ,Pourcentage du PIB potentiel,0,Units,,,,,,,2,Two,,,,
DATAFLOW,OECD.ECO.MAD:DSD_EO_114@DF_EO_114(1.0),Economic Outlook 114,I,EA17,Zone euro (17 pays),GAP,Output gap as a percentage of potential GDP,Q,Trimestrielle,2023-Q3,,-0.844340347233149,,,,PT_PB1GQ,Pourcentage du PIB potentiel,0,Units,,,,,,,2,Two,,,,
DATAFLOW,OECD.ECO.MAD:DSD_EO_114@DF_EO_114(1.0),Economic Outlook 114,I,EA17,Zone euro (17 pays),GAP,Output gap as a percentage of potential GDP,Q,Trimestrielle,2023-Q2,,-0.579479106341281,,,,PT_PB1GQ,Pourcentage du PIB potentiel,0,Units,,,,,,,2,Two,,,,
DATAFLOW,OECD.ECO.MAD:DSD_EO_114@DF_EO_114(1.0),Economic Outlook 114,I,EA17,Zone euro (17 pays),GAP,Output gap as a percentage of potential GDP,Q,Trimestrielle,2023-Q1,,-0.445569437185242,,,,PT_PB1GQ,Pourcentage du PIB potentiel,0,Units,,,,,,,2,Two,,,,
DATAFLOW,OECD.ECO.MAD:DSD_EO_114@DF_EO_114(1.0),Economic Outlook 114,I,EA17,Zone euro (17 pays),GAP,Output gap as a percentage of potential GDP,A,Annuelle,2021,,-2.07228804757016,,,,PT_PB1GQ,Pourcentage du PIB potentiel,0,Units,,,,,,,2,Two,,,,
DATAFLOW,OECD.ECO.MAD:DSD_EO_114@DF_EO_114(1.0),Economic Outlook 114,I,EA17,Zone euro (17 pays),GAP,Output gap as a percentage of potential GDP,A,Annuelle,2020,,-6.02623952126137,,,,PT_PB1GQ,Pourcentage du PIB potentiel,0,Units,,,,,,,2,Two,,,,
DATAFLOW,OECD.ECO.MAD:DSD_EO_114@DF_EO_114(1.0),Economic Outlook 114,I,EA17,Zone euro (17 pays),GAP,Output gap as a percentage of potential GDP,A,Annuelle,2019,,1.68439299193585,,,,PT_PB1GQ,Pourcentage du PIB potentiel,0,Units,,,,,,,2,Two,,,,
DATAFLOW,OECD.ECO.MAD:DSD_EO_114@DF_EO_114(1.0),Economic Outlook 114,I,EA17,Zone euro (17 pays),GAP,Output gap as a percentage of potential GDP,A,Annuelle,2018,,1.41275600719576,,,,PT_PB1GQ,Pourcentage du PIB potentiel,0,Units,,,,,,,2,Two,,,,
DATAFLOW,OECD.ECO.MAD:DSD_EO_114@DF_EO_114(1.0),Economic Outlook 114,I,EA17,Zone euro (17 pays),GAP,Output gap as a percentage of potential GDP,A,Annuelle,2017,,0.956764449096133,,,,PT_PB1GQ,Pourcentage du PIB potentiel,0,Units,,,,,,,2,Two,,,,
DATAFLOW,OECD.ECO.MAD:DSD_EO_114@DF_EO_114(1.0),Economic Outlook 114,I,EA17,Zone euro (17 pays),GAP,Output gap as a percentage of potential GDP,A,Annuelle,2016,,-0.529563891830419,,,,PT_PB1GQ,Pourcentage du PIB potentiel,0,Units,,,,,,,2,Two,,,,
DATAFLOW,OECD.ECO.MAD:DSD_EO_114@DF_EO_114(1.0),Economic Outlook 114,I,EA17,Zone euro (17 pays),GAP,Output gap as a percentage of potential GDP,A,Annuelle,2015,,-1.38038407028209,,,,PT_PB1GQ,Pourcentage du PIB potentiel,0,Units,,,,,,,2,Two,,,,
DATAFLOW,OECD.ECO.MAD:DSD_EO_114@DF_EO_114(1.0),Economic Outlook 114,I,EA17,Zone euro (17 pays),GAP,Output gap as a percentage of potential GDP,A,Annuelle,2014,,-2.02723145195814,,,,PT_PB1GQ,Pourcentage du PIB potentiel,0,Units,,,,,,,2,Two,,,,
DATAFLOW,OECD.ECO.MAD:DSD_EO_114@DF_EO_114(1.0),Economic Outlook 114,I,EA17,Zone euro (17 pays),GAP,Output gap as a percentage of potential GDP,A,Annuelle,2013,,-2.69963422453062,,,,PT_PB1GQ,Pourcentage du PIB potentiel,0,Units,,,,,,,2,Two,,,,
DATAFLOW,OECD.ECO.MAD:DSD_EO_114@DF_EO_114(1.0),Economic Outlook 114,I,EA17,Zone euro (17 pays),GAP,Output gap as a percentage of potential GDP,A,Annuelle,2012,,-2.09735036152848,,,,PT_PB1GQ,Pourcentage du PIB potentiel,0,Units,,,,,,,2,Two,,,,
DATAFLOW,OECD.ECO.MAD:DSD_EO_114@DF_EO_114(1.0),Economic Outlook 114,I,EA17,Zone euro (17 pays),GAP,Output gap as a percentage of potential GDP,A,Annuelle,2011,,-0.858024840004242,,,,PT_PB1GQ,Pourcentage du PIB potentiel,0,Units,,,,,,,2,Two,,,,
DATAFLOW,OECD.ECO.MAD:DSD_EO_114@DF_EO_114(1.0),Economic Outlook 114,I,EA17,Zone euro (17 pays),GAP,Output gap as a percentage of potential GDP,A,Annuelle,2010,,-1.98098694810165,,,,PT_PB1GQ,Pourcentage du PIB potentiel,0,Units,,,,,,,2,Two,,,,
DATAFLOW,OECD.ECO.MAD:DSD_EO_114@DF_EO_114(1.0),Economic Outlook 114,I,EA17,Zone euro (17 pays),GAP,Output gap as a percentage of potential GDP,A,Annuelle,2009,,-3.25922969616993,,,,PT_PB1GQ,Pourcentage du PIB potentiel,0,Units,,,,,,,2,Two,,,,
DATAFLOW,OECD.ECO.MAD:DSD_EO_114@DF_EO_114(1.0),Economic Outlook 114,I,EA17,Zone euro (17 pays),GAP,Output gap as a percentage of potential GDP,A,Annuelle,2008,,2.2810805856065,,,,PT_PB1GQ,Pourcentage du PIB potentiel,0,Units,,,,,,,2,Two,,,,
DATAFLOW,OECD.ECO.MAD:DSD_EO_114@DF_EO_114(1.0),Economic Outlook 114,I,EA17,Zone euro (17 pays),GAP,Output gap as a percentage of potential GDP,Q,Trimestrielle,1992-Q1,,1.86342876563344,,,,PT_PB1GQ,Pourcentage du PIB potentiel,0,Units,,,,,,,2,Two,,,,
DATAFLOW,OECD.ECO.MAD:DSD_EO_114@DF_EO_114(1.0),Economic Outlook 114,I,EA17,Zone euro (17 pays),GAP,Output gap as a percentage of potential GDP,Q,Trimestrielle,1991-Q4,,1.62315346565548,,,,PT_PB1GQ,Pourcentage du PIB potentiel,0,Units,,,,,,,2,Two,,,,
DATAFLOW,OECD.ECO.MAD:DSD_EO_114@DF_EO_114(1.0),Economic Outlook 114,I,EA17,Zone euro (17 pays),GAP,Output gap as a percentage of potential GDP,Q,Trimestrielle,1991-Q3,,1.417553562168,,,,PT_PB1GQ,Pourcentage du PIB potentiel,0,Units,,,,,,,2,Two,,,,
DATAFLOW,OECD.ECO.MAD:DSD_EO_114@DF_EO_114(1.0),Economic Outlook 114,I,EA17,Zone euro (17 pays),GAP,Output gap as a percentage of potential GDP,Q,Trimestrielle,1991-Q2,,2.01236498232822,,,,PT_PB1GQ,Pourcentage du PIB potentiel,0,Units,,,,,,,2,Two,,,,
DATAFLOW,OECD.ECO.MAD:DSD_EO_114@DF_EO_114(1.0),Economic Outlook 114,I,EA17,Zone euro (17 pays),GAP,Output gap as a percentage of potential GDP,Q,Trimestrielle,1991-Q1,,2.73996539480193,,,,PT_PB1GQ,Pourcentage du PIB potentiel,0,Units,,,,,,,2,Two,,,,
DATAFLOW,OECD.ECO.MAD:DSD_EO_114@DF_EO_114(1.0),Economic Outlook 114,I,EA17,Zone euro (17 pays),GAP,Output gap as a percentage of potential GDP,Q,Trimestrielle,1995-Q1,,-1.54958391088974,,,,PT_PB1GQ,Pourcentage du PIB potentiel,0,Units,,,,,,,2,Two,,,,
DATAFLOW,OECD.ECO.MAD:DSD_EO_114@DF_EO_114(1.0),Economic Outlook 114,I,EA17,Zone euro (17 pays),GAP,Output gap as a percentage of potential GDP,Q,Trimestrielle,1994-Q4,,-1.47714891943521,,,,PT_PB1GQ,Pourcentage du PIB potentiel,0,Units,,,,,,,2,Two,,,,
DATAFLOW,OECD.ECO.MAD:DSD_EO_114@DF_EO_114(1.0),Economic Outlook 114,I,EA17,Zone euro (17 pays),GAP,Output gap as a percentage of potential GDP,Q,Trimestrielle,1994-Q3,,-1.97424121792936,,,,PT_PB1GQ,Pourcentage du PIB potentiel,0,Units,,,,,,,2,Two,,,,
DATAFLOW,OECD.ECO.MAD:DSD_EO_114@DF_EO_114(1.0),Economic Outlook 114,I,EA17,Zone euro (17 pays),GAP,Output gap as a percentage of potential GDP,Q,Trimestrielle,1994-Q2,,-2.26023477677799,,,,PT_PB1GQ,Pourcentage du PIB potentiel,0,Units,,,,,,,2,Two,,,,
DATAFLOW,OECD.ECO.MAD:DSD_EO_114@DF_EO_114(1.0),Economic Outlook 114,I,EA17,Zone euro (17 pays),GAP,Output gap as a percentage of potential GDP,Q,Trimestrielle,1994-Q1,,-2.37446386454507,,,,PT_PB1GQ,Pourcentage du PIB potentiel,0,Units,,,,,,,2,Two,,,,
DATAFLOW,OECD.ECO.MAD:DSD_EO_114@DF_EO_114(1.0),Economic Outlook 114,I,EA17,Zone euro (17 pays),GAP,Output gap as a percentage of potential GDP,Q,Trimestrielle,1993-Q4,,-2.88190599939121,,,,PT_PB1GQ,Pourcentage du PIB potentiel,0,Units,,,,,,,2,Two,,,,
DATAFLOW,OECD.ECO.MAD:DSD_EO_114@DF_EO_114(1.0),Economic Outlook 114,I,EA17,Zone euro (17 pays),GAP,Output gap as a percentage of potential GDP,Q,Trimestrielle,1993-Q3,,-2.65590672705487,,,,PT_PB1GQ,Pourcentage du PIB potentiel,0,Units,,,,,,,2,Two,,,,
DATAFLOW,OECD.ECO.MAD:DSD_EO_114@DF_EO_114(1.0),Economic Outlook 114,I,EA17,Zone euro (17 pays),GAP,Output gap as a percentage of potential GDP,Q,Trimestrielle,1993-Q2,,-2.54427710479598,,,,PT_PB1GQ,Pourcentage du PIB potentiel,0,Units,,,,,,,2,Two,,,,
DATAFLOW,OECD.ECO.MAD:DSD_EO_114@DF_EO_114(1.0),Economic Outlook 114,I,EA17,Zone euro (17 pays),GAP,Output gap as a percentage of potential GDP,Q,Trimestrielle,1993-Q1,,-1.97730357908188,,,,PT_PB1GQ,Pourcentage du PIB potentiel,0,Units,,,,,,,2,Two,,,,
DATAFLOW,OECD.ECO.MAD:DSD_EO_114@DF_EO_114(1.0),Economic Outlook 114,I,EA17,Zone euro (17 pays),GAP,Output gap as a percentage of potential GDP,Q,Trimestrielle,1992-Q4,,-0.898471482609375,,,,PT_PB1GQ,Pourcentage du PIB potentiel,0,Units,,,,,,,2,Two,,,,
DATAFLOW,OECD.ECO.MAD:DSD_EO_114@DF_EO_114(1.0),Economic Outlook 114,I,EA17,Zone euro (17 pays),GAP,Output gap as a percentage of potential GDP,Q,Trimestrielle,1992-Q3,,-0.02914645301284,,,,PT_PB1GQ,Pourcentage du PIB potentiel,0,Units,,,,,,,2,Two,,,,
DATAFLOW,OECD.ECO.MAD:DSD_EO_114@DF_EO_114(1.0),Economic Outlook 114,I,EA17,Zone euro (17 pays),GAP,Output gap as a percentage of potential GDP,Q,Trimestrielle,1992-Q2,,0.753351470841321,,,,PT_PB1GQ,Pourcentage du PIB potentiel,0,Units,,,,,,,2,Two,,,,
DATAFLOW,OECD.ECO.MAD:DSD_EO_114@DF_EO_114(1.0),Economic Outlook 114,I,EA17,Zone euro (17 pays),GAP,Output gap as a percentage of potential GDP,Q,Trimestrielle,2001-Q4,,1.26892922100205,,,,PT_PB1GQ,Pourcentage du PIB potentiel,0,Units,,,,,,,2,Two,,,,
DATAFLOW,OECD.ECO.MAD:DSD_EO_114@DF_EO_114(1.0),Economic Outlook 114,I,EA17,Zone euro (17 pays),GAP,Output gap as a percentage of potential GDP,Q,Trimestrielle,2001-Q3,,1.75357458464854,,,,PT_PB1GQ,Pourcentage du PIB potentiel,0,Units,,,,,,,2,Two,,,,
DATAFLOW,OECD.ECO.MAD:DSD_EO_114@DF_EO_114(1.0),Economic Outlook 114,I,EA17,Zone euro (17 pays),GAP,Output gap as a percentage of potential GDP,Q,Trimestrielle,2001-Q2,,2.16671326888128,,,,PT_PB1GQ,Pourcentage du PIB potentiel,0,Units,,,,,,,2,Two,,,,
DATAFLOW,OECD.ECO.MAD:DSD_EO_114@DF_EO_114(1.0),Economic Outlook 114,I,EA17,Zone euro (17 pays),GAP,Output gap as a percentage of potential GDP,Q,Trimestrielle,2001-Q1,,2.59690744758345,,,,PT_PB1GQ,Pourcentage du PIB potentiel,0,Units,,,,,,,2,Two,,,,
DATAFLOW,OECD.ECO.MAD:DSD_EO_114@DF_EO_114(1.0),Economic Outlook 114,I,EA17,Zone euro (17 pays),GAP,Output gap as a percentage of potential GDP,Q,Trimestrielle,2000-Q4,,2.18361809999669,,,,PT_PB1GQ,Pourcentage du PIB potentiel,0,Units,,,,,,,2,Two,,,,
DATAFLOW,OECD.ECO.MAD:DSD_EO_114@DF_EO_114(1.0),Economic Outlook 114,I,EA17,Zone euro (17 pays),GAP,Output gap as a percentage of potential GDP,Q,Trimestrielle,2000-Q3,,2.08153323666586,,,,PT_PB1GQ,Pourcentage du PIB potentiel,0,Units,,,,,,,2,Two,,,,
DATAFLOW,OECD.ECO.MAD:DSD_EO_114@DF_EO_114(1.0),Economic Outlook 114,I,EA17,Zone euro (17 pays),GAP,Output gap as a percentage of potential GDP,Q,Trimestrielle,2000-Q2,,2.05783721616431,,,,PT_PB1GQ,Pourcentage du PIB potentiel,0,Units,,,,,,,2,Two,,,,
DATAFLOW,OECD.ECO.MAD:DSD_EO_114@DF_EO_114(1.0),Economic Outlook 114,I,EA17,Zone euro (17 pays),GAP,Output gap as a percentage of potential GDP,Q,Trimestrielle,2000-Q1,,1.74374130192857,,,,PT_PB1GQ,Pourcentage du PIB potentiel,0,Units,,,,,,,2,Two,,,,
DATAFLOW,OECD.ECO.MAD:DSD_EO_114@DF_EO_114(1.0),Economic Outlook 114,I,EA17,Zone euro (17 pays),GAP,Output gap as a percentage of potential GDP,Q,Trimestrielle,1999-Q4,,1.06673109337792,,,,PT_PB1GQ,Pourcentage du PIB potentiel,0,Units,,,,,,,2,Two,,,,
DATAFLOW,OECD.ECO.MAD:DSD_EO_114@DF_EO_114(1.0),Economic Outlook 114,I,EA17,Zone euro (17 pays),GAP,Output gap as a percentage of potential GDP,Q,Trimestrielle,1999-Q3,,0.554054569476298,,,,PT_PB1GQ,Pourcentage du PIB potentiel,0,Units,,,,,,,2,Two,,,,
DATAFLOW,OECD.ECO.MAD:DSD_EO_114@DF_EO_114(1.0),Economic Outlook 114,I,EA17,Zone euro (17 pays),GAP,Output gap as a percentage of potential GDP,Q,Trimestrielle,1999-Q2,,-0.131992058269137,,,,PT_PB1GQ,Pourcentage du PIB potentiel,0,Units,,,,,,,2,Two,,,,
DATAFLOW,OECD.ECO.MAD:DSD_EO_114@DF_EO_114(1.0),Economic Outlook 114,I,EA17,Zone euro (17 pays),GAP,Output gap as a percentage of potential GDP,Q,Trimestrielle,1999-Q1,,-0.110151309327984,,,,PT_PB1GQ,Pourcentage du PIB potentiel,0,Units,,,,,,,2,Two,,,,
DATAFLOW,OECD.ECO.MAD:DSD_EO_114@DF_EO_114(1.0),Economic Outlook 114,I,EA17,Zone euro (17 pays),GAP,Output gap as a percentage of potential GDP,Q,Trimestrielle,1998-Q4,,-0.508679699106483,,,,PT_PB1GQ,Pourcentage du PIB potentiel,0,Units,,,,,,,2,Two,,,,
DATAFLOW,OECD.ECO.MAD:DSD_EO_114@DF_EO_114(1.0),Economic Outlook 114,I,EA17,Zone euro (17 pays),GAP,Output gap as a percentage of potential GDP,Q,Trimestrielle,1998-Q3,,-0.193790821224943,,,,PT_PB1GQ,Pourcentage du PIB potentiel,0,Units,,,,,,,2,Two,,,,
DATAFLOW,OECD.ECO.MAD:DSD_EO_114@DF_EO_114(1.0),Economic Outlook 114,I,EA17,Zone euro (17 pays),GAP,Output gap as a percentage of potential GDP,Q,Trimestrielle,1998-Q2,,-0.215088202683447,,,,PT_PB1GQ,Pourcentage du PIB potentiel,0,Units,,,,,,,2,Two,,,,
DATAFLOW,OECD.ECO.MAD:DSD_EO_114@DF_EO_114(1.0),Economic Outlook 114,I,EA17,Zone euro (17 pays),GAP,Output gap as a percentage of potential GDP,Q,Trimestrielle,1998-Q1,,-0.134854715811061,,,,PT_PB1GQ,Pourcentage du PIB potentiel,0,Units,,,,,,,2,Two,,,,
DATAFLOW,OECD.ECO.MAD:DSD_EO_114@DF_EO_114(1.0),Economic Outlook 114,I,EA17,Zone euro (17 pays),GAP,Output gap as a percentage of potential GDP,Q,Trimestrielle,1997-Q4,,-0.203876278401293,,,,PT_PB1GQ,Pourcentage du PIB potentiel,0,Units,,,,,,,2,Two,,,,
DATAFLOW,OECD.ECO.MAD:DSD_EO_114@DF_EO_114(1.0),Economic Outlook 114,I,EA17,Zone euro (17 pays),GAP,Output gap as a percentage of potential GDP,Q,Trimestrielle,1997-Q3,,-0.879693635756961,,,,PT_PB1GQ,Pourcentage du PIB potentiel,0,Units,,,,,,,2,Two,,,,
DATAFLOW,OECD.ECO.MAD:DSD_EO_114@DF_EO_114(1.0),Economic Outlook 114,I,EA17,Zone euro (17 pays),GAP,Output gap as a percentage of potential GDP,Q,Trimestrielle,1997-Q2,,-1.19112665964638,,,,PT_PB1GQ,Pourcentage du PIB potentiel,0,Units,,,,,,,2,Two,,,,
DATAFLOW,OECD.ECO.MAD:DSD_EO_114@DF_EO_114(1.0),Economic Outlook 114,I,EA17,Zone euro (17 pays),GAP,Output gap as a percentage of potential GDP,Q,Trimestrielle,1997-Q1,,-1.91703387207952,,,,PT_PB1GQ,Pourcentage du PIB potentiel,0,Units,,,,,,,2,Two,,,,
DATAFLOW,OECD.ECO.MAD:DSD_EO_114@DF_EO_114(1.0),Economic Outlook 114,I,EA17,Zone euro (17 pays),GAP,Output gap as a percentage of potential GDP,Q,Trimestrielle,1996-Q4,,-1.71279304427672,,,,PT_PB1GQ,Pourcentage du PIB potentiel,0,Units,,,,,,,2,Two,,,,
DATAFLOW,OECD.ECO.MAD:DSD_EO_114@DF_EO_114(1.0),Economic Outlook 114,I,EA17,Zone euro (17 pays),GAP,Output gap as a percentage of potential GDP,Q,Trimestrielle,1996-Q3,,-1.71821432482225,,,,PT_PB1GQ,Pourcentage du PIB potentiel,0,Units,,,,,,,2,Two,,,,
DATAFLOW,OECD.ECO.MAD:DSD_EO_114@DF_EO_114(1.0),Economic Outlook 114,I,EA17,Zone euro (17 pays),GAP,Output gap as a percentage of potential GDP,Q,Trimestrielle,1996-Q2,,-1.75637586755734,,,,PT_PB1GQ,Pourcentage du PIB potentiel,0,Units,,,,,,,2,Two,,,,
DATAFLOW,OECD.ECO.MAD:DSD_EO_114@DF_EO_114(1.0),Economic Outlook 114,I,EA17,Zone euro (17 pays),GAP,Output gap as a percentage of potential GDP,Q,Trimestrielle,1996-Q1,,-1.98679889121686,,,,PT_PB1GQ,Pourcentage du PIB potentiel,0,Units,,,,,,,2,Two,,,,
DATAFLOW,OECD.ECO.MAD:DSD_EO_114@DF_EO_114(1.0),Economic Outlook 114,I,EA17,Zone euro (17 pays),GAP,Output gap as a percentage of potential GDP,Q,Trimestrielle,1995-Q4,,-1.63171184812444,,,,PT_PB1GQ,Pourcentage du PIB potentiel,0,Units,,,,,,,2,Two,,,,
DATAFLOW,OECD.ECO.MAD:DSD_EO_114@DF_EO_114(1.0),Economic Outlook 114,I,EA17,Zone euro (17 pays),GAP,Output gap as a percentage of potential GDP,Q,Trimestrielle,1995-Q3,,-1.5256605803617,,,,PT_PB1GQ,Pourcentage du PIB potentiel,0,Units,,,,,,,2,Two,,,,
DATAFLOW,OECD.ECO.MAD:DSD_EO_114@DF_EO_114(1.0),Economic Outlook 114,I,EA17,Zone euro (17 pays),GAP,Output gap as a percentage of potential GDP,Q,Trimestrielle,1995-Q2,,-1.3636525538046,,,,PT_PB1GQ,Pourcentage du PIB potentiel,0,Units,,,,,,,2,Two,,,,
DATAFLOW,OECD.ECO.MAD:DSD_EO_114@DF_EO_114(1.0),Economic Outlook 114,I,EA17,Zone euro (17 pays),GAP,Output gap as a percentage of potential GDP,Q,Trimestrielle,2016-Q1,,-0.691418982691805,,,,PT_PB1GQ,Pourcentage du PIB potentiel,0,Units,,,,,,,2,Two,,,,
DATAFLOW,OECD.ECO.MAD:DSD_EO_114@DF_EO_114(1.0),Economic Outlook 114,I,EA17,Zone euro (17 pays),GAP,Output gap as a percentage of potential GDP,Q,Trimestrielle,2015-Q4,,-1.14028742531573,,,,PT_PB1GQ,Pourcentage du PIB potentiel,0,Units,,,,,,,2,Two,,,,
DATAFLOW,OECD.ECO.MAD:DSD_EO_114@DF_EO_114(1.0),Economic Outlook 114,I,EA17,Zone euro (17 pays),GAP,Output gap as a percentage of potential GDP,Q,Trimestrielle,2015-Q3,,-1.29833918195647,,,,PT_PB1GQ,Pourcentage du PIB potentiel,0,Units,,,,,,,2,Two,,,,
DATAFLOW,OECD.ECO.MAD:DSD_EO_114@DF_EO_114(1.0),Economic Outlook 114,I,EA17,Zone euro (17 pays),GAP,Output gap as a percentage of potential GDP,Q,Trimestrielle,2015-Q2,,-1.4065085353633,,,,PT_PB1GQ,Pourcentage du PIB potentiel,0,Units,,,,,,,2,Two,,,,
DATAFLOW,OECD.ECO.MAD:DSD_EO_114@DF_EO_114(1.0),Economic Outlook 114,I,EA17,Zone euro (17 pays),GAP,Output gap as a percentage of potential GDP,Q,Trimestrielle,2015-Q1,,-1.67788817770774,,,,PT_PB1GQ,Pourcentage du PIB potentiel,0,Units,,,,,,,2,Two,,,,
DATAFLOW,OECD.ECO.MAD:DSD_EO_114@DF_EO_114(1.0),Economic Outlook 114,I,EA17,Zone euro (17 pays),GAP,Output gap as a percentage of potential GDP,Q,Trimestrielle,2014-Q4,,-1.74543841172583,,,,PT_PB1GQ,Pourcentage du PIB potentiel,0,Units,,,,,,,2,Two,,,,
DATAFLOW,OECD.ECO.MAD:DSD_EO_114@DF_EO_114(1.0),Economic Outlook 114,I,EA17,Zone euro (17 pays),GAP,Output gap as a percentage of potential GDP,Q,Trimestrielle,2014-Q3,,-1.92597061719949,,,,PT_PB1GQ,Pourcentage du PIB potentiel,0,Units,,,,,,,2,Two,,,,
DATAFLOW,OECD.ECO.MAD:DSD_EO_114@DF_EO_114(1.0),Economic Outlook 114,I,EA17,Zone euro (17 pays),GAP,Output gap as a percentage of potential GDP,Q,Trimestrielle,2014-Q2,,-2.21151038098286,,,,PT_PB1GQ,Pourcentage du PIB potentiel,0,Units,,,,,,,2,Two,,,,
DATAFLOW,OECD.ECO.MAD:DSD_EO_114@DF_EO_114(1.0),Economic Outlook 114,I,EA17,Zone euro (17 pays),GAP,Output gap as a percentage of potential GDP,Q,Trimestrielle,2014-Q1,,-2.22610672406394,,,,PT_PB1GQ,Pourcentage du PIB potentiel,0,Units,,,,,,,2,Two,,,,
DATAFLOW,OECD.ECO.MAD:DSD_EO_114@DF_EO_114(1.0),Economic Outlook 114,I,EA17,Zone euro (17 pays),GAP,Output gap as a percentage of potential GDP,Q,Trimestrielle,2013-Q4,,-2.37256466322163,,,,PT_PB1GQ,Pourcentage du PIB potentiel,0,Units,,,,,,,2,Two,,,,
DATAFLOW,OECD.ECO.MAD:DSD_EO_114@DF_EO_114(1.0),Economic Outlook 114,I,EA17,Zone euro (17 pays),GAP,Output gap as a percentage of potential GDP,Q,Trimestrielle,2013-Q3,,-2.5649792484564,,,,PT_PB1GQ,Pourcentage du PIB potentiel,0,Units,,,,,,,2,Two,,,,
DATAFLOW,OECD.ECO.MAD:DSD_EO_114@DF_EO_114(1.0),Economic Outlook 114,I,EA17,Zone euro (17 pays),GAP,Output gap as a percentage of potential GDP,Q,Trimestrielle,2013-Q2,,-2.73712097024562,,,,PT_PB1GQ,Pourcentage du PIB potentiel,0,Units,,,,,,,2,Two,,,,
DATAFLOW,OECD.ECO.MAD:DSD_EO_114@DF_EO_114(1.0),Economic Outlook 114,I,EA17,Zone euro (17 pays),GAP,Output gap as a percentage of potential GDP,Q,Trimestrielle,2013-Q1,,-3.12363532153438,,,,PT_PB1GQ,Pourcentage du PIB potentiel,0,Units,,,,,,,2,Two,,,,
DATAFLOW,OECD.ECO.MAD:DSD_EO_114@DF_EO_114(1.0),Economic Outlook 114,I,EA17,Zone euro (17 pays),GAP,Output gap as a percentage of potential GDP,Q,Trimestrielle,2012-Q4,,-2.68451384017584,,,,PT_PB1GQ,Pourcentage du PIB potentiel,0,Units,,,,,,,2,Two,,,,
DATAFLOW,OECD.ECO.MAD:DSD_EO_114@DF_EO_114(1.0),Economic Outlook 114,I,EA17,Zone euro (17 pays),GAP,Output gap as a percentage of potential GDP,Q,Trimestrielle,2012-Q3,,-2.12868101014748,,,,PT_PB1GQ,Pourcentage du PIB potentiel,0,Units,,,,,,,2,Two,,,,
DATAFLOW,OECD.ECO.MAD:DSD_EO_114@DF_EO_114(1.0),Economic Outlook 114,I,EA17,Zone euro (17 pays),GAP,Output gap as a percentage of potential GDP,Q,Trimestrielle,2012-Q2,,-1.98561773367592,,,,PT_PB1GQ,Pourcentage du PIB potentiel,0,Units,,,,,,,2,Two,,,,
DATAFLOW,OECD.ECO.MAD:DSD_EO_114@DF_EO_114(1.0),Economic Outlook 114,I,EA17,Zone euro (17 pays),GAP,Output gap as a percentage of potential GDP,Q,Trimestrielle,2012-Q1,,-1.58567217289912,,,,PT_PB1GQ,Pourcentage du PIB potentiel,0,Units,,,,,,,2,Two,,,,
DATAFLOW,OECD.ECO.MAD:DSD_EO_114@DF_EO_114(1.0),Economic Outlook 114,I,EA17,Zone euro (17 pays),GAP,Output gap as a percentage of potential GDP,Q,Trimestrielle,2011-Q4,,-1.27768088307328,,,,PT_PB1GQ,Pourcentage du PIB potentiel,0,Units,,,,,,,2,Two,,,,
DATAFLOW,OECD.ECO.MAD:DSD_EO_114@DF_EO_114(1.0),Economic Outlook 114,I,EA17,Zone euro (17 pays),GAP,Output gap as a percentage of potential GDP,Q,Trimestrielle,2011-Q3,,-0.765292246492382,,,,PT_PB1GQ,Pourcentage du PIB potentiel,0,Units,,,,,,,2,Two,,,,
DATAFLOW,OECD.ECO.MAD:DSD_EO_114@DF_EO_114(1.0),Economic Outlook 114,I,EA17,Zone euro (17 pays),GAP,Output gap as a percentage of potential GDP,Q,Trimestrielle,2011-Q2,,-0.772907976207289,,,,PT_PB1GQ,Pourcentage du PIB potentiel,0,Units,,,,,,,2,Two,,,,
DATAFLOW,OECD.ECO.MAD:DSD_EO_114@DF_EO_114(1.0),Economic Outlook 114,I,EA17,Zone euro (17 pays),GAP,Output gap as a percentage of potential GDP,Q,Trimestrielle,2011-Q1,,-0.607164273755913,,,,PT_PB1GQ,Pourcentage du PIB potentiel,0,Units,,,,,,,2,Two,,,,
DATAFLOW,OECD.ECO.MAD:DSD_EO_114@DF_EO_114(1.0),Economic Outlook 114,I,EA17,Zone euro (17 pays),GAP,Output gap as a percentage of potential GDP,Q,Trimestrielle,2010-Q4,,-1.29016525697285,,,,PT_PB1GQ,Pourcentage du PIB potentiel,0,Units,,,,,,,2,Two,,,,
DATAFLOW,OECD.ECO.MAD:DSD_EO_114@DF_EO_114(1.0),Economic Outlook 114,I,EA17,Zone euro (17 pays),GAP,Output gap as a percentage of potential GDP,Q,Trimestrielle,2010-Q3,,-1.74378891403846,,,,PT_PB1GQ,Pourcentage du PIB potentiel,0,Units,,,,,,,2,Two,,,,
DATAFLOW,OECD.ECO.MAD:DSD_EO_114@DF_EO_114(1.0),Economic Outlook 114,I,EA17,Zone euro (17 pays),GAP,Output gap as a percentage of potential GDP,Q,Trimestrielle,2010-Q2,,-2.02453027844644,,,,PT_PB1GQ,Pourcentage du PIB potentiel,0,Units,,,,,,,2,Two,,,,
DATAFLOW,OECD.ECO.MAD:DSD_EO_114@DF_EO_114(1.0),Economic Outlook 114,I,EA17,Zone euro (17 pays),GAP,Output gap as a percentage of potential GDP,Q,Trimestrielle,2010-Q1,,-2.85781554371866,,,,PT_PB1GQ,Pourcentage du PIB potentiel,0,Units,,,,,,,2,Two,,,,
DATAFLOW,OECD.ECO.MAD:DSD_EO_114@DF_EO_114(1.0),Economic Outlook 114,I,EA17,Zone euro (17 pays),GAP,Output gap as a percentage of potential GDP,Q,Trimestrielle,2009-Q4,,-2.96315536665534,,,,PT_PB1GQ,Pourcentage du PIB potentiel,0,Units,,,,,,,2,Two,,,,
DATAFLOW,OECD.ECO.MAD:DSD_EO_114@DF_EO_114(1.0),Economic Outlook 114,I,EA17,Zone euro (17 pays),GAP,Output gap as a percentage of potential GDP,Q,Trimestrielle,2009-Q3,,-3.30693869949969,,,,PT_PB1GQ,Pourcentage du PIB potentiel,0,Units,,,,,,,2,Two,,,,
DATAFLOW,OECD.ECO.MAD:DSD_EO_114@DF_EO_114(1.0),Economic Outlook 114,I,EA17,Zone euro (17 pays),GAP,Output gap as a percentage of potential GDP,Q,Trimestrielle,2009-Q2,,-3.50376542488014,,,,PT_PB1GQ,Pourcentage du PIB potentiel,0,Units,,,,,,,2,Two,,,,
DATAFLOW,OECD.ECO.MAD:DSD_EO_114@DF_EO_114(1.0),Economic Outlook 114,I,EA17,Zone euro (17 pays),GAP,Output gap as a percentage of potential GDP,A,Annuelle,1995,,-1.50138903762846,,,,PT_PB1GQ,Pourcentage du PIB potentiel,0,Units,,,,,,,2,Two,,,,
DATAFLOW,OECD.ECO.MAD:DSD_EO_114@DF_EO_114(1.0),Economic Outlook 114,I,EA17,Zone euro (17 pays),GAP,Output gap as a percentage of potential GDP,A,Annuelle,1994,,-2.02072273701708,,,,PT_PB1GQ,Pourcentage du PIB potentiel,0,Units,,,,,,,2,Two,,,,
DATAFLOW,OECD.ECO.MAD:DSD_EO_114@DF_EO_114(1.0),Economic Outlook 114,I,EA17,Zone euro (17 pays),GAP,Output gap as a percentage of potential GDP,A,Annuelle,1993,,-2.51547892110353,,,,PT_PB1GQ,Pourcentage du PIB potentiel,0,Units,,,,,,,2,Two,,,,
DATAFLOW,OECD.ECO.MAD:DSD_EO_114@DF_EO_114(1.0),Economic Outlook 114,I,EA17,Zone euro (17 pays),GAP,Output gap as a percentage of potential GDP,A,Annuelle,1992,,0.41531243562759,,,,PT_PB1GQ,Pourcentage du PIB potentiel,0,Units,,,,,,,2,Two,,,,
DATAFLOW,OECD.ECO.MAD:DSD_EO_114@DF_EO_114(1.0),Economic Outlook 114,I,EA17,Zone euro (17 pays),GAP,Output gap as a percentage of potential GDP,A,Annuelle,1991,,1.9423394109656,,,,PT_PB1GQ,Pourcentage du PIB potentiel,0,Units,,,,,,,2,Two,,,,
DATAFLOW,OECD.ECO.MAD:DSD_EO_114@DF_EO_114(1.0),Economic Outlook 114,I,EA17,Zone euro (17 pays),GAP,Output gap as a percentage of potential GDP,A,Annuelle,2007,,3.27754930140145,,,,PT_PB1GQ,Pourcentage du PIB potentiel,0,Units,,,,,,,2,Two,,,,
DATAFLOW,OECD.ECO.MAD:DSD_EO_114@DF_EO_114(1.0),Economic Outlook 114,I,EA17,Zone euro (17 pays),GAP,Output gap as a percentage of potential GDP,A,Annuelle,2006,,1.84570020598471,,,,PT_PB1GQ,Pourcentage du PIB potentiel,0,Units,,,,,,,2,Two,,,,
DATAFLOW,OECD.ECO.MAD:DSD_EO_114@DF_EO_114(1.0),Economic Outlook 114,I,EA17,Zone euro (17 pays),GAP,Output gap as a percentage of potential GDP,A,Annuelle,2005,,0.122744805595204,,,,PT_PB1GQ,Pourcentage du PIB potentiel,0,Units,,,,,,,2,Two,,,,
DATAFLOW,OECD.ECO.MAD:DSD_EO_114@DF_EO_114(1.0),Economic Outlook 114,I,EA17,Zone euro (17 pays),GAP,Output gap as a percentage of potential GDP,A,Annuelle,2004,,-0.0525109731374577,,,,PT_PB1GQ,Pourcentage du PIB potentiel,0,Units,,,,,,,2,Two,,,,
DATAFLOW,OECD.ECO.MAD:DSD_EO_114@DF_EO_114(1.0),Economic Outlook 114,I,EA17,Zone euro (17 pays),GAP,Output gap as a percentage of potential GDP,A,Annuelle,2003,,-0.31163386775391,,,,PT_PB1GQ,Pourcentage du PIB potentiel,0,Units,,,,,,,2,Two,,,,
DATAFLOW,OECD.ECO.MAD:DSD_EO_114@DF_EO_114(1.0),Economic Outlook 114,I,EA17,Zone euro (17 pays),GAP,Output gap as a percentage of potential GDP,A,Annuelle,2002,,0.810735902643901,,,,PT_PB1GQ,Pourcentage du PIB potentiel,0,Units,,,,,,,2,Two,,,,
DATAFLOW,OECD.ECO.MAD:DSD_EO_114@DF_EO_114(1.0),Economic Outlook 114,I,EA17,Zone euro (17 pays),GAP,Output gap as a percentage of potential GDP,A,Annuelle,2001,,1.94305859850602,,,,PT_PB1GQ,Pourcentage du PIB potentiel,0,Units,,,,,,,2,Two,,,,
DATAFLOW,OECD.ECO.MAD:DSD_EO_114@DF_EO_114(1.0),Economic Outlook 114,I,EA17,Zone euro (17 pays),GAP,Output gap as a percentage of potential GDP,A,Annuelle,2000,,2.0159725254475,,,,PT_PB1GQ,Pourcentage du PIB potentiel,0,Units,,,,,,,2,Two,,,,
DATAFLOW,OECD.ECO.MAD:DSD_EO_114@DF_EO_114(1.0),Economic Outlook 114,I,EA17,Zone euro (17 pays),GAP,Output gap as a percentage of potential GDP,A,Annuelle,1999,,0.347282147055285,,,,PT_PB1GQ,Pourcentage du PIB potentiel,0,Units,,,,,,,2,Two,,,,
DATAFLOW,OECD.ECO.MAD:DSD_EO_114@DF_EO_114(1.0),Economic Outlook 114,I,EA17,Zone euro (17 pays),GAP,Output gap as a percentage of potential GDP,A,Annuelle,1998,,-0.264673026671377,,,,PT_PB1GQ,Pourcentage du PIB potentiel,0,Units,,,,,,,2,Two,,,,
DATAFLOW,OECD.ECO.MAD:DSD_EO_114@DF_EO_114(1.0),Economic Outlook 114,I,EA17,Zone euro (17 pays),GAP,Output gap as a percentage of potential GDP,A,Annuelle,1997,,-1.04534088019817,,,,PT_PB1GQ,Pourcentage du PIB potentiel,0,Units,,,,,,,2,Two,,,,
DATAFLOW,OECD.ECO.MAD:DSD_EO_114@DF_EO_114(1.0),Economic Outlook 114,I,EA17,Zone euro (17 pays),GAP,Output gap as a percentage of potential GDP,A,Annuelle,1996,,-1.79149178787777,,,,PT_PB1GQ,Pourcentage du PIB potentiel,0,Units,,,,,,,2,Two,,,,
